--
-- PostgreSQL database dump
--

SET statement_timeout = 0;
SET lock_timeout = 0;
SET client_encoding = 'UTF8';
SET standard_conforming_strings = on;
SET check_function_bodies = false;
SET client_min_messages = warning;

--
-- Name: plpgsql; Type: EXTENSION; Schema: -; Owner: 
--

CREATE EXTENSION IF NOT EXISTS plpgsql WITH SCHEMA pg_catalog;


--
-- Name: EXTENSION plpgsql; Type: COMMENT; Schema: -; Owner: 
--

COMMENT ON EXTENSION plpgsql IS 'PL/pgSQL procedural language';


SET search_path = public, pg_catalog;

SET default_tablespace = '';

SET default_with_oids = false;

--
-- Name: author_books; Type: TABLE; Schema: public; Owner: Micah; Tablespace: 
--

CREATE TABLE author_books (
    id integer NOT NULL,
    author_id integer,
    book_id integer
);


ALTER TABLE author_books OWNER TO "Micah";

--
-- Name: author_books_id_seq; Type: SEQUENCE; Schema: public; Owner: Micah
--

CREATE SEQUENCE author_books_id_seq
    START WITH 1
    INCREMENT BY 1
    NO MINVALUE
    NO MAXVALUE
    CACHE 1;


ALTER TABLE author_books_id_seq OWNER TO "Micah";

--
-- Name: author_books_id_seq; Type: SEQUENCE OWNED BY; Schema: public; Owner: Micah
--

ALTER SEQUENCE author_books_id_seq OWNED BY author_books.id;


--
-- Name: authors; Type: TABLE; Schema: public; Owner: Micah; Tablespace: 
--

CREATE TABLE authors (
    id integer NOT NULL,
    first_name character varying(255),
    last_name character varying(255),
    biography text,
    img_url character varying(255)
);


ALTER TABLE authors OWNER TO "Micah";

--
-- Name: authors_id_seq; Type: SEQUENCE; Schema: public; Owner: Micah
--

CREATE SEQUENCE authors_id_seq
    START WITH 1
    INCREMENT BY 1
    NO MINVALUE
    NO MAXVALUE
    CACHE 1;


ALTER TABLE authors_id_seq OWNER TO "Micah";

--
-- Name: authors_id_seq; Type: SEQUENCE OWNED BY; Schema: public; Owner: Micah
--

ALTER SEQUENCE authors_id_seq OWNED BY authors.id;


--
-- Name: books; Type: TABLE; Schema: public; Owner: Micah; Tablespace: 
--

CREATE TABLE books (
    id integer NOT NULL,
    title character varying(255),
    genre character varying(255),
    description text,
    img_url character varying(255)
);


ALTER TABLE books OWNER TO "Micah";

--
-- Name: books_id_seq; Type: SEQUENCE; Schema: public; Owner: Micah
--

CREATE SEQUENCE books_id_seq
    START WITH 1
    INCREMENT BY 1
    NO MINVALUE
    NO MAXVALUE
    CACHE 1;


ALTER TABLE books_id_seq OWNER TO "Micah";

--
-- Name: books_id_seq; Type: SEQUENCE OWNED BY; Schema: public; Owner: Micah
--

ALTER SEQUENCE books_id_seq OWNED BY books.id;


--
-- Name: users; Type: TABLE; Schema: public; Owner: Micah; Tablespace: 
--

CREATE TABLE users (
    id integer NOT NULL,
    username character varying(255),
    email character varying(255),
    role character varying(255)
);


ALTER TABLE users OWNER TO "Micah";

--
-- Name: users_id_seq; Type: SEQUENCE; Schema: public; Owner: Micah
--

CREATE SEQUENCE users_id_seq
    START WITH 1
    INCREMENT BY 1
    NO MINVALUE
    NO MAXVALUE
    CACHE 1;


ALTER TABLE users_id_seq OWNER TO "Micah";

--
-- Name: users_id_seq; Type: SEQUENCE OWNED BY; Schema: public; Owner: Micah
--

ALTER SEQUENCE users_id_seq OWNED BY users.id;


--
-- Name: id; Type: DEFAULT; Schema: public; Owner: Micah
--

ALTER TABLE ONLY author_books ALTER COLUMN id SET DEFAULT nextval('author_books_id_seq'::regclass);


--
-- Name: id; Type: DEFAULT; Schema: public; Owner: Micah
--

ALTER TABLE ONLY authors ALTER COLUMN id SET DEFAULT nextval('authors_id_seq'::regclass);


--
-- Name: id; Type: DEFAULT; Schema: public; Owner: Micah
--

ALTER TABLE ONLY books ALTER COLUMN id SET DEFAULT nextval('books_id_seq'::regclass);


--
-- Name: id; Type: DEFAULT; Schema: public; Owner: Micah
--

ALTER TABLE ONLY users ALTER COLUMN id SET DEFAULT nextval('users_id_seq'::regclass);


--
-- Data for Name: author_books; Type: TABLE DATA; Schema: public; Owner: Micah
--

COPY author_books (id, author_id, book_id) FROM stdin;
5	3	3
8	4	6
4	2	2
3	6	1
1	1	1
2	5	1
6	4	4
7	4	5
\.


--
-- Name: author_books_id_seq; Type: SEQUENCE SET; Schema: public; Owner: Micah
--

SELECT pg_catalog.setval('author_books_id_seq', 8, true);


--
-- Data for Name: authors; Type: TABLE DATA; Schema: public; Owner: Micah
--

COPY authors (id, first_name, last_name, biography, img_url) FROM stdin;
1	Steve	Holden	"Steve Holden Is a consultant, advising clients on system and network architectures and the design and implementation of programmed web systems. He also teaches classes on TCP/IP, network security, database and programming topics, and is the author of ""Python Web Programming"", the O'Reilly School of Technology's ""Certificate series in Python"" and O'Reilly Media's ""Intermediate Python"" video series."	https://s3-us-west-2.amazonaws.com/assessment-images/galvanize_reads/photos/steve_holden.jpg
2	Allen B.	Downey	"Allen Downey is a Professor of Computer Science at Olin College of Engineering. He has taught at Wellesley College, Colby College and U.C. Berkeley. He has a Ph.D. in Computer Science from U.C. Berkeley and Master's and Bachelor's degrees from MIT."	https://s3-us-west-2.amazonaws.com/assessment-images/galvanize_reads/photos/allen_downey.jpg
3	Bonnie	Eisenman	"Bonnie Eisenman is a software engineer at Codecademy, with previous experience at Fog Creek Software and Google. She has spoken at several conferences on topics ranging from ReactJS to musical programming and Arduinos. In her spare time, she enjoys building electronic musical instruments, tinkering with hardware projects, and laser-cutting chocolate. Find her on Twitter as @brindelle."	https://s3-us-west-2.amazonaws.com/assessment-images/galvanize_reads/photos/bonnie_eisenman.jpg
4	Kyle	Simpson	"Kyle Simpson is an Open Web Evangelist who's passionate about all things JavaScript. He's an author, workshop trainer, tech speaker, and OSS contributor/leader."	https://s3-us-west-2.amazonaws.com/assessment-images/galvanize_reads/photos/kyle_simpson.jpg
5	Alex	Martelli	"Alex Martelli spent 8 years with IBM Research, winning three Outstanding Technical Achievement Awards.He then spent 13 as a Senior Software Consultant at think3 inc, developing libraries, network protocols, GUI engines, event frameworks, and web access frontends. He has also taught programming languages, development methods, and numerical computing at Ferrara University and other venues. He's a C++ MVP for Brainbench, and a member of the Python Software Foundation. He currently works for AB Strakt, a Python-centered software house in Göteborg, Sweden, mostly by telecommuting from his home in Bologna, Italy. Alex's proudest achievement is the articles that appeared in Bridge World (January/February 2000), which were hailed as giant steps towards solving issues that had haunted contract bridge theoreticians for decades."	https://s3-us-west-2.amazonaws.com/assessment-images/galvanize_reads/photos/alex_martelli.jpg
6	Anna	Ravenscroft	"Anna Martelli Ravenscroft is an experienced speaker and trainer, with diverse background developing curricula for church, regional transit, disaster preparedness; developing web applications for therapy, learning, fitness; writing technical books, articles and presentations; active member of Open Source community; skilled at translating between IT professionals and end users."	https://s3-us-west-2.amazonaws.com/assessment-images/galvanize_reads/photos/anna_ravenscroft.jpg
\.


--
-- Name: authors_id_seq; Type: SEQUENCE SET; Schema: public; Owner: Micah
--

SELECT pg_catalog.setval('authors_id_seq', 8, true);


--
-- Data for Name: books; Type: TABLE DATA; Schema: public; Owner: Micah
--

COPY books (id, title, genre, description, img_url) FROM stdin;
2	Think Python	Python	"If you want to learn how to program, working with Python is an excellent way to start. This hands-on guide takes you through the language a step at a time, beginning with basic programming concepts before moving on to functions, recursion, data structures, and object-oriented design. This second edition and its supporting code have been updated for Python 3."	https://s3-us-west-2.amazonaws.com/assessment-images/galvanize_reads/photos/think_python.jpg
1	Python In A Nutshell	Python	"This book offers Python programmers one place to look when they need help remembering or deciphering the syntax of this open source language and its many powerful but scantily documented modules. This comprehensive reference guide makes it easy to look up the most frequently needed information--not just about the Python language itself, but also the most frequently used parts of the standard library and the most important third-party extensions."	https://s3-us-west-2.amazonaws.com/assessment-images/galvanize_reads/photos/python_in_a_nutshell.jpg
3	Learning React Native	JavaScript	"Get a practical introduction to React Native, the JavaScript framework for writing and deploying fully featured mobile apps that look and feel native. With this hands-on guide, you’ll learn how to build applications that target iOS, Android, and other mobile platforms instead of browsers. You’ll also discover how to access platform features such as the camera, user location, and local storage."	https://s3-us-west-2.amazonaws.com/assessment-images/galvanize_reads/photos/learning_react_native.jpg
4	You Don't Know JS: ES6 & Beyond	JavaScript	"No matter how much experience you have with JavaScript, odds are you don’t fully understand the language. As part of the ""You Don’t Know JS"" series, this compact guide focuses on new features available in ECMAScript 6 (ES6), the latest version of the standard upon which JavaScript is built."	https://s3-us-west-2.amazonaws.com/assessment-images/galvanize_reads/photos/es6_and_beyond.jpg
5	You Don't Know JS: Scope & Closures	JavaScript	"No matter how much experience you have with JavaScript, odds are you don’t fully understand the language. This concise yet in-depth guide takes you inside scope and closures, two core concepts you need to know to become a more efficient and effective JavaScript programmer. You’ll learn how and why they work, and how an understanding of closures can be a powerful part of your development skillset."	https://s3-us-west-2.amazonaws.com/assessment-images/galvanize_reads/photos/scope_and_closures.jpg
6	You Don't Know JS: Async & Performance	JavaScript	"No matter how much experience you have with JavaScript, odds are you don’t fully understand the language. As part of the ""You Don’t Know JS"" series, this concise yet in-depth guide focuses on new asynchronous features and performance techniques—including Promises, generators, and Web Workers—that let you create sophisticated single-page web applications and escape callback hell in the process."	https://s3-us-west-2.amazonaws.com/assessment-images/galvanize_reads/photos/async_and_performance.jpg
\.


--
-- Name: books_id_seq; Type: SEQUENCE SET; Schema: public; Owner: Micah
--

SELECT pg_catalog.setval('books_id_seq', 1, false);


--
-- Data for Name: users; Type: TABLE DATA; Schema: public; Owner: Micah
--

COPY users (id, username, email, role) FROM stdin;
\.


--
-- Name: users_id_seq; Type: SEQUENCE SET; Schema: public; Owner: Micah
--

SELECT pg_catalog.setval('users_id_seq', 1, false);


--
-- Name: author_books_pkey; Type: CONSTRAINT; Schema: public; Owner: Micah; Tablespace: 
--

ALTER TABLE ONLY author_books
    ADD CONSTRAINT author_books_pkey PRIMARY KEY (id);


--
-- Name: authors_pkey; Type: CONSTRAINT; Schema: public; Owner: Micah; Tablespace: 
--

ALTER TABLE ONLY authors
    ADD CONSTRAINT authors_pkey PRIMARY KEY (id);


--
-- Name: books_pkey; Type: CONSTRAINT; Schema: public; Owner: Micah; Tablespace: 
--

ALTER TABLE ONLY books
    ADD CONSTRAINT books_pkey PRIMARY KEY (id);


--
-- Name: users_pkey; Type: CONSTRAINT; Schema: public; Owner: Micah; Tablespace: 
--

ALTER TABLE ONLY users
    ADD CONSTRAINT users_pkey PRIMARY KEY (id);


--
-- Name: public; Type: ACL; Schema: -; Owner: Micah
--

REVOKE ALL ON SCHEMA public FROM PUBLIC;
REVOKE ALL ON SCHEMA public FROM "Micah";
GRANT ALL ON SCHEMA public TO "Micah";
GRANT ALL ON SCHEMA public TO PUBLIC;


--
-- PostgreSQL database dump complete
--

